{
  "state": {
    "isStdOutTTY": true,
    "isStdErrTTY": true,
    "testRunDurationMs": 720010.4503
  },
  "metrics": {
    "iterations": {
      "type": "counter",
      "contains": "default",
      "values": {
        "count": 169800,
        "rate": 235.82991042595427
      }
    },
    "http_req_duration": {
      "type": "trend",
      "contains": "time",
      "values": {
        "p(90)": 4.640210000000001,
        "p(95)": 6.4138499999999885,
        "avg": 2.4350718462897567,
        "min": 0,
        "med": 1.723,
        "max": 128.892
      },
      "thresholds": {
        "p(95)<1000": {
          "ok": true
        }
      }
    },
    "data_received": {
      "type": "counter",
      "contains": "data",
      "values": {
        "count": 80828093,
        "rate": 112259.61090748351
      }
    },
    "iteration_duration": {
      "type": "trend",
      "contains": "time",
      "values": {
        "p(95)": 6.706264999999985,
        "avg": 2.592164521201402,
        "min": 0,
        "med": 1.8447,
        "max": 128.892,
        "p(90)": 4.905810000000001
      }
    },
    "http_req_failed": {
      "thresholds": {
        "rate<0.25": {
          "ok": true
        }
      },
      "type": "rate",
      "contains": "default",
      "values": {
        "fails": 169800,
        "rate": 0,
        "passes": 0
      }
    },
    "http_req_waiting": {
      "type": "trend",
      "contains": "time",
      "values": {
        "avg": 2.339749629564219,
        "min": 0,
        "med": 1.6601,
        "max": 128.892,
        "p(90)": 4.4876,
        "p(95)": 6.256714999999997
      }
    },
    "http_req_blocked": {
      "type": "trend",
      "contains": "time",
      "values": {
        "min": 0,
        "med": 0,
        "max": 13.0397,
        "p(90)": 0,
        "p(95)": 0,
        "avg": 0.004699722614840991
      }
    },
    "data_sent": {
      "values": {
        "count": 18914887,
        "rate": 26270.295093798864
      },
      "type": "counter",
      "contains": "data"
    },
    "http_req_duration{expected_response:true}": {
      "type": "trend",
      "contains": "time",
      "values": {
        "avg": 2.4350718462897567,
        "min": 0,
        "med": 1.723,
        "max": 128.892,
        "p(90)": 4.640210000000001,
        "p(95)": 6.4138499999999885
      }
    },
    "http_req_tls_handshaking": {
      "values": {
        "avg": 0,
        "min": 0,
        "med": 0,
        "max": 0,
        "p(90)": 0,
        "p(95)": 0
      },
      "type": "trend",
      "contains": "time"
    },
    "http_req_connecting": {
      "type": "trend",
      "contains": "time",
      "values": {
        "avg": 0.00200744581861013,
        "min": 0,
        "med": 0,
        "max": 13.0397,
        "p(90)": 0,
        "p(95)": 0
      }
    },
    "checks": {
      "type": "rate",
      "contains": "default",
      "values": {
        "rate": 1,
        "passes": 679200,
        "fails": 0
      }
    },
    "vus_max": {
      "type": "gauge",
      "contains": "default",
      "values": {
        "value": 100,
        "min": 100,
        "max": 100
      }
    },
    "http_reqs": {
      "type": "counter",
      "contains": "default",
      "values": {
        "count": 169800,
        "rate": 235.82991042595427
      }
    },
    "vus": {
      "type": "gauge",
      "contains": "default",
      "values": {
        "min": 0,
        "max": 22,
        "value": 0
      }
    },
    "http_req_sending": {
      "type": "trend",
      "contains": "time",
      "values": {
        "min": 0,
        "med": 0,
        "max": 6.9656,
        "p(90)": 0,
        "p(95)": 0,
        "avg": 0.009474931684334515
      }
    },
    "http_req_receiving": {
      "type": "trend",
      "contains": "time",
      "values": {
        "p(95)": 0.5811049999999988,
        "avg": 0.08584728504122467,
        "min": 0,
        "med": 0,
        "max": 19.9469,
        "p(90)": 0.5151
      }
    }
  },
  "root_group": {
    "name": "",
    "path": "",
    "id": "d41d8cd98f00b204e9800998ecf8427e",
    "groups": [],
    "checks": [
        {
          "fails": 0,
          "name": "status is 2xx",
          "path": "::status is 2xx",
          "id": "625da780c1868b693c9052f10511e6a0",
          "passes": 169800
        },
        {
          "name": "latency < 350ms",
          "path": "::latency < 350ms",
          "id": "b502d196760718f65aa3a1d42fbd7d07",
          "passes": 169800,
          "fails": 0
        },
        {
          "fails": 0,
          "name": "latency < 1s",
          "path": "::latency < 1s",
          "id": "115124467491bbca9d2069c37168883d",
          "passes": 169800
        },
        {
          "passes": 169800,
          "fails": 0,
          "name": "no server error",
          "path": "::no server error",
          "id": "a1f3113ea5fdb60d3f1dd8478ffb294b"
        }
      ]
  },
  "options": {
    "summaryTrendStats": [
      "avg",
      "min",
      "med",
      "max",
      "p(90)",
      "p(95)"
    ],
    "summaryTimeUnit": "",
    "noColor": false
  }
}